iter,arm,env_steps,mean_return,collisions,cum_collisions,goals,goal_rate
0,shielded,6400,3.3363301021341365,0,0,0,0.0
1,shielded,9451,4.661006861018499,0,0,0,0.0
2,shielded,13986,14.168280287933992,0,0,5,0.125
3,shielded,19710,9.613030992521459,0,0,3,0.075
4,shielded,23603,9.356987102215164,0,0,1,0.025
5,shielded,26728,11.646906590735794,0,0,4,0.1
6,shielded,32027,13.881252173339414,0,0,5,0.125
7,shielded,37660,12.94502562168788,0,0,4,0.1
8,shielded,39863,12.142973295820141,0,0,4,0.1
9,shielded,41602,7.504748135177889,0,0,2,0.05
10,shielded,43043,8.03687606074076,0,0,3,0.075
11,shielded,46101,10.720427642270554,0,0,2,0.05
12,shielded,49929,11.656546768802844,0,0,3,0.075
13,shielded,54067,14.742026981244432,0,0,3,0.075
14,shielded,57982,17.167128869564873,0,0,7,0.175
15,shielded,62330,11.886186853310765,0,0,2,0.05
16,shielded,66759,13.440076980582734,0,0,2,0.05
17,shielded,71369,13.722920365675378,0,0,3,0.075
18,shielded,76873,12.925177975923408,0,0,5,0.125
19,shielded,81444,15.654156036786787,0,0,6,0.15
20,shielded,86274,13.849171979349714,0,0,4,0.1
21,shielded,91113,13.847009876844718,0,0,3,0.075
22,shielded,94598,10.824544045642117,0,0,1,0.025
23,shielded,97897,11.27618295064545,0,0,1,0.025
24,shielded,100868,12.739154980833558,0,0,3,0.075
25,shielded,103703,14.661841729665316,0,0,5,0.125
26,shielded,107168,13.693941712785165,0,0,4,0.1
27,shielded,110716,14.244698206554222,0,0,4,0.1
28,shielded,113861,15.571484983581243,0,0,5,0.125
29,shielded,118097,13.545840737915352,0,0,2,0.05
30,shielded,122236,17.231286743943286,0,0,6,0.15
31,shielded,126749,16.308819112934817,0,0,6,0.15
32,shielded,131130,14.894748066712001,0,0,5,0.125
33,shielded,134933,15.608017613817031,0,0,5,0.125
34,shielded,138729,19.074132061204942,0,0,8,0.2
35,shielded,143052,15.93832089135499,0,0,7,0.175
36,shielded,147762,14.495801268574706,0,0,5,0.125
37,shielded,151529,14.463174310831354,0,0,5,0.125
38,shielded,154982,19.437914337216423,0,0,8,0.2
39,shielded,158204,19.804794656517867,0,0,9,0.225
40,shielded,160567,17.660090622713426,0,0,8,0.2
41,shielded,162924,12.30268626855098,0,0,4,0.1
42,shielded,165198,17.70031802815215,0,0,7,0.175
43,shielded,168532,19.06258965345508,0,0,8,0.2
44,shielded,171417,19.97907114672538,0,0,9,0.225
45,shielded,176364,14.636361159900371,0,0,4,0.1
46,shielded,182099,12.386440559685669,0,0,5,0.125
47,shielded,187633,14.920570866943425,0,0,6,0.15
48,shielded,193144,11.71854546912748,0,0,2,0.05
49,shielded,198628,13.136782365228877,0,0,3,0.075
50,shielded,204587,9.382261863094149,0,0,1,0.025
51,shielded,210344,12.493427565710775,0,0,3,0.075
52,shielded,216426,11.366243770394238,0,0,3,0.075
53,shielded,221962,14.09958133129768,0,0,4,0.1
54,shielded,227300,16.853714816810005,0,0,6,0.15
55,shielded,233128,12.182591579807468,0,0,2,0.05
56,shielded,238851,10.609655823689355,0,0,3,0.075
57,shielded,244144,16.319064503876596,0,0,7,0.175
58,shielded,249671,14.37081507958592,0,0,6,0.15
59,shielded,255451,8.80984861944442,0,0,0,0.0
60,shielded,260691,14.434115552385965,0,0,5,0.125
61,shielded,265944,12.616088206652845,0,0,3,0.075
62,shielded,271322,13.088120811421334,0,0,5,0.125
63,shielded,277288,9.715594094187546,0,0,1,0.025
64,shielded,282781,11.908700774588572,0,0,3,0.075
65,shielded,288290,13.312267148036721,0,0,5,0.125
66,shielded,294077,13.457240962370326,0,0,4,0.1
67,shielded,299454,15.028133781958207,0,0,4,0.1
68,shielded,304462,17.037633047557087,0,0,6,0.15
69,shielded,308978,21.61496086783965,0,0,12,0.3
70,shielded,312591,17.376583543264534,0,0,8,0.2
71,shielded,316035,26.79732516730574,0,0,16,0.4
72,shielded,319433,17.73173346407676,0,0,7,0.175
73,shielded,322530,21.315902994313834,0,0,12,0.3
74,shielded,325402,17.062646461184073,0,0,8,0.2
75,shielded,328575,14.976945263978251,0,0,6,0.15
76,shielded,332076,21.685716230118523,0,0,12,0.3
77,shielded,335493,26.20548988125198,0,0,15,0.375
78,shielded,338929,21.789142875575667,0,0,11,0.275
79,shielded,343626,18.613986212947697,0,0,8,0.2
80,shielded,348271,16.946075537035064,0,0,7,0.175
81,shielded,353811,13.386551612969281,0,0,5,0.125
82,shielded,358771,14.578230906023006,0,0,6,0.15
83,shielded,363662,15.829873788148356,0,0,6,0.15
84,shielded,367532,21.576966668385,0,0,11,0.275
85,shielded,372315,14.458684599801142,0,0,5,0.125
86,shielded,376192,18.370357290861875,0,0,7,0.175
87,shielded,379459,24.52697542192313,0,0,13,0.325
88,shielded,382557,19.396981834362222,0,0,10,0.25
89,shielded,385685,19.87126557569353,0,0,9,0.225
90,shielded,389294,18.524782448236696,0,0,8,0.2
91,shielded,392769,24.72676723670035,0,0,15,0.375
92,shielded,396781,18.562096003579803,0,0,8,0.2
93,shielded,400766,21.466222581521883,0,0,8,0.2
94,shielded,405353,14.980694478258618,0,0,4,0.1
95,shielded,410685,14.818025620975751,0,0,7,0.175
96,shielded,415599,15.437168223229023,0,0,6,0.15
97,shielded,420864,13.135790783594922,0,0,3,0.075
98,shielded,426574,8.715891348596806,0,0,2,0.05
99,shielded,432429,10.085030419315313,0,0,2,0.05
100,shielded,438406,12.674867162888432,0,0,4,0.1
101,shielded,444449,7.808436997292121,0,0,1,0.025
102,shielded,450182,11.411928418904548,0,0,2,0.05
103,shielded,456034,11.75890529736862,0,0,4,0.1
104,shielded,462101,11.212973337846462,0,0,3,0.075
105,shielded,467965,13.14223804627611,0,0,3,0.075
106,shielded,473818,11.276816025961532,0,0,3,0.075
107,shielded,479905,8.299341414242212,0,0,1,0.025
108,shielded,485749,10.108610414379779,0,0,1,0.025
109,shielded,491940,8.059993433692437,0,0,1,0.025
110,shielded,497999,9.815499932205261,0,0,2,0.05
111,shielded,503980,11.177406230925465,0,0,4,0.1
112,shielded,509725,12.433069151758023,0,0,4,0.1
113,shielded,515164,15.383179845389645,0,0,7,0.175
114,shielded,521091,11.87019774656818,0,0,2,0.05
115,shielded,526494,12.730607180369315,0,0,4,0.1
116,shielded,532116,11.667566947438804,0,0,3,0.075
117,shielded,536321,22.049789429769433,0,0,12,0.3
118,shielded,539649,22.69941745640214,0,0,12,0.3
119,shielded,541811,18.060287841746096,0,0,9,0.225
120,shielded,543421,15.869858211615579,0,0,9,0.225
121,shielded,545491,21.001450409770136,0,0,11,0.275
122,shielded,547862,22.80348497545904,0,0,13,0.325
123,shielded,551373,18.715542520588162,0,0,8,0.2
124,shielded,555298,23.432485343487418,0,0,12,0.3
125,shielded,559603,20.744776457140947,0,0,11,0.275
126,shielded,565008,14.373807842528809,0,0,4,0.1
127,shielded,570155,12.461928112190227,0,0,4,0.1
128,shielded,575216,16.687050297091066,0,0,8,0.2
129,shielded,581040,10.760525868166345,0,0,3,0.075
130,shielded,586900,12.722937733543585,0,0,4,0.1
131,shielded,592865,10.949247559544238,0,0,1,0.025
132,shielded,598603,12.059352046473544,0,0,4,0.1
133,shielded,604241,12.061572204639791,0,0,3,0.075
134,shielded,610292,9.430699995859502,0,0,0,0.0
135,shielded,615833,15.447316618055499,0,0,7,0.175
136,shielded,621678,12.289743551860091,0,0,3,0.075
137,shielded,627068,13.012110366945763,0,0,3,0.075
138,shielded,632305,12.327399468589435,0,0,4,0.1
139,shielded,637387,18.01213294624386,0,0,9,0.225
140,shielded,641750,22.400961723991752,0,0,12,0.3
141,shielded,646660,19.382395191167284,0,0,10,0.25
142,shielded,650356,21.22959783266112,0,0,11,0.275
143,shielded,653452,29.371846138891804,0,0,19,0.475
144,shielded,656709,25.90315039082294,0,0,15,0.375
145,shielded,660110,16.642569658918575,0,0,5,0.125
146,shielded,662711,21.00243737074184,0,0,10,0.25
147,shielded,665299,23.313242370422337,0,0,13,0.325
148,shielded,668365,23.810520277622192,0,0,14,0.35
149,shielded,671447,22.87514316130082,0,0,13,0.325
0,unshielded,5982,0.6551499427119178,6,6,0,0.0
1,unshielded,12377,1.1352371175881895,1,7,0,0.0
2,unshielded,17360,0.9523498255359609,15,22,1,0.025
3,unshielded,21494,-3.346797252834139,20,42,0,0.0
4,unshielded,27894,2.1182901982091016,0,42,0,0.0
5,unshielded,29095,-4.33604646649552,0,42,0,0.0
6,unshielded,30373,-4.102822980100681,0,42,0,0.0
7,unshielded,31849,-4.939887618651731,0,42,0,0.0
8,unshielded,33309,-4.786222757536898,0,42,0,0.0
9,unshielded,34776,-4.470267641060806,0,42,0,0.0
10,unshielded,36195,-4.112810073588155,0,42,0,0.0
11,unshielded,37871,0.7796563540101371,4,46,0,0.0
12,unshielded,39679,2.8031414957344554,7,53,0,0.0
13,unshielded,41430,1.7565120836538557,16,69,1,0.025
14,unshielded,43112,-0.7804294264792159,19,88,0,0.0
15,unshielded,44808,-1.7982273872995442,24,112,0,0.0
16,unshielded,46514,-1.7395020982489187,24,136,1,0.025
17,unshielded,48325,0.47280359029963914,13,149,0,0.0
18,unshielded,50433,1.3965177649346459,9,158,0,0.0
19,unshielded,55244,3.7786085739008053,1,159,0,0.0
20,unshielded,60416,2.867105871715517,1,160,0,0.0
21,unshielded,65165,3.0563167764790173,0,160,0,0.0
22,unshielded,70542,2.442386829101686,1,161,0,0.0
23,unshielded,76195,3.3133047099092527,0,161,0,0.0
24,unshielded,80763,3.236281503266903,1,162,0,0.0
25,unshielded,84618,3.605596778066933,2,164,0,0.0
26,unshielded,88673,3.9301284739111075,3,167,0,0.0
27,unshielded,92395,4.177280814052707,3,170,0,0.0
28,unshielded,95918,1.1570743197608828,10,180,0,0.0
29,unshielded,101313,2.923724021025668,5,185,0,0.0
30,unshielded,107555,1.0692083732771316,1,186,0,0.0
31,unshielded,113955,-0.14884216020258162,0,186,0,0.0
32,unshielded,120217,1.591916702848699,1,187,0,0.0
33,unshielded,126547,5.3289852467720635,2,189,0,0.0
34,unshielded,129277,-0.9816312142188632,22,211,0,0.0
35,unshielded,131583,1.2366775022139787,18,229,1,0.025
36,unshielded,133380,0.1340244257405688,25,254,2,0.05
37,unshielded,135160,1.665863170229502,18,272,1,0.025
38,unshielded,136879,1.4909769771737522,18,290,2,0.05
39,unshielded,139028,4.451318471360869,5,295,1,0.025
40,unshielded,142372,4.4081588792857875,0,295,0,0.0
41,unshielded,147624,4.546174134712681,0,295,0,0.0
42,unshielded,153523,1.7415708232187548,0,295,0,0.0
43,unshielded,159044,3.330054729463255,0,295,0,0.0
44,unshielded,164259,3.9151335142920276,0,295,0,0.0
45,unshielded,168551,3.7367138588558895,0,295,0,0.0
46,unshielded,172367,3.7665203289534217,0,295,0,0.0
47,unshielded,176012,6.101027278144185,1,296,0,0.0
48,unshielded,177969,4.969381981095864,7,303,1,0.025
49,unshielded,179795,2.5129244300535682,15,318,1,0.025
50,unshielded,181976,7.444048500835692,8,326,2,0.05
51,unshielded,184219,3.670277031311784,11,337,1,0.025
52,unshielded,187322,3.130735965872836,9,346,0,0.0
53,unshielded,192196,6.3626215817105365,1,347,0,0.0
54,unshielded,197582,5.812364611329782,2,349,0,0.0
55,unshielded,203128,4.693370860485661,0,349,0,0.0
56,unshielded,208708,6.260523009825802,1,350,0,0.0
57,unshielded,213568,6.357671818485118,2,352,0,0.0
58,unshielded,217852,5.426407381108833,4,356,0,0.0
59,unshielded,221574,5.630611786679817,3,359,0,0.0
60,unshielded,224996,7.151277605829186,6,365,1,0.025
61,unshielded,228025,4.052640664794072,6,371,0,0.0
62,unshielded,231677,4.2396879108074925,6,377,0,0.0
63,unshielded,237123,6.12283293634484,0,377,0,0.0
64,unshielded,242629,5.328100272324254,3,380,0,0.0
65,unshielded,247765,5.55667651779927,2,382,0,0.0
66,unshielded,253301,5.920379095294956,1,383,0,0.0
67,unshielded,258468,7.196167819838985,2,385,0,0.0
68,unshielded,263809,7.6913463076515765,3,388,0,0.0
69,unshielded,268769,8.4289286345163,6,394,1,0.025
70,unshielded,274225,7.501618447719066,6,400,0,0.0
71,unshielded,278197,5.963966014463871,13,413,2,0.05
72,unshielded,283134,6.8278467639121585,5,418,1,0.025
73,unshielded,288691,6.085733756301005,5,423,0,0.0
74,unshielded,294623,8.482503904573742,0,423,0,0.0
75,unshielded,300223,6.114068282460742,2,425,0,0.0
76,unshielded,306061,5.4842538716588525,2,427,0,0.0
77,unshielded,312351,7.38937794913939,0,427,0,0.0
78,unshielded,317519,7.163076907089862,1,428,0,0.0
79,unshielded,321587,7.597929983856081,7,435,0,0.0
80,unshielded,326028,4.909769005613657,7,442,0,0.0
81,unshielded,331175,8.589388115024379,4,446,0,0.0
82,unshielded,336888,6.778883656515221,3,449,0,0.0
83,unshielded,341810,6.570903664435893,4,453,0,0.0
84,unshielded,344949,5.390094507436813,14,467,1,0.025
85,unshielded,347355,6.455212817470366,21,488,5,0.125
86,unshielded,349123,0.037360101586275854,29,517,3,0.075
87,unshielded,350874,0.9110050719954181,31,548,3,0.075
88,unshielded,352454,-3.811054681722589,35,583,1,0.025
89,unshielded,354159,-0.36375276640139276,30,613,2,0.05
90,unshielded,356083,5.752952694508143,18,631,2,0.05
91,unshielded,357918,3.945835526006353,15,646,1,0.025
92,unshielded,359665,3.9272315736757135,7,653,1,0.025
93,unshielded,361408,3.5055139996788482,1,654,0,0.0
94,unshielded,363158,-0.0980743691722692,0,654,0,0.0
95,unshielded,365279,-1.6998826279467045,0,654,0,0.0
96,unshielded,367488,-1.8707748960840387,0,654,0,0.0
97,unshielded,371200,-0.6285019568647435,0,654,0,0.0
98,unshielded,376182,-0.36631350713962496,0,654,0,0.0
99,unshielded,381633,0.3745976829937838,0,654,0,0.0
100,unshielded,387351,0.5742781666967608,0,654,0,0.0
101,unshielded,393751,1.0986169128171273,0,654,0,0.0
102,unshielded,400151,1.0058769764699549,0,654,0,0.0
103,unshielded,406551,0.9158279921884857,0,654,0,0.0
104,unshielded,412834,0.6210304821702988,0,654,0,0.0
105,unshielded,419234,0.5994464092875486,0,654,0,0.0
106,unshielded,425634,0.6705033184811333,0,654,0,0.0
107,unshielded,432034,0.6410766981334273,0,654,0,0.0
108,unshielded,438434,0.7019530762121521,0,654,0,0.0
109,unshielded,444834,0.7076550722140345,0,654,0,0.0
110,unshielded,451234,0.7971414006025536,0,654,0,0.0
111,unshielded,457519,0.5623828186214419,0,654,0,0.0
112,unshielded,463919,0.7559024561551898,0,654,0,0.0
113,unshielded,470319,0.8145910446109716,0,654,0,0.0
114,unshielded,476719,0.8132217805559542,0,654,0,0.0
115,unshielded,483119,0.7452305519285927,0,654,0,0.0
116,unshielded,489519,1.0140345463009883,0,654,0,0.0
117,unshielded,495702,0.5529706289317057,0,654,0,0.0
118,unshielded,501986,0.7972667412133,0,654,0,0.0
119,unshielded,508386,1.0626336197151247,0,654,0,0.0
120,unshielded,514786,0.7842368367482587,0,654,0,0.0
121,unshielded,521186,0.8403362080024224,0,654,0,0.0
122,unshielded,527235,0.49562791369777975,0,654,0,0.0
123,unshielded,533518,0.6259784042730663,0,654,0,0.0
124,unshielded,539918,0.8581504147680569,0,654,0,0.0
125,unshielded,546201,0.8515076973437079,0,654,0,0.0
126,unshielded,552486,0.9392547564053639,0,654,0,0.0
127,unshielded,558769,0.7573354237511476,0,654,0,0.0
128,unshielded,565169,1.0001813272202607,0,654,0,0.0
129,unshielded,571458,0.8740902588216443,0,654,0,0.0
130,unshielded,577391,0.6642973699873431,0,654,0,0.0
131,unshielded,583674,1.08927011832995,0,654,0,0.0
132,unshielded,589864,0.9226871833125081,0,654,0,0.0
133,unshielded,596037,1.0882453884438,0,654,0,0.0
134,unshielded,602202,0.9741837027670437,0,654,0,0.0
135,unshielded,608251,0.8091875152329638,0,654,0,0.0
136,unshielded,614534,1.2659267136531969,0,654,0,0.0
137,unshielded,620701,1.0926357032047243,0,654,0,0.0
138,unshielded,626759,0.9950834026685612,0,654,0,0.0
139,unshielded,632814,0.7708199580332629,0,654,0,0.0
140,unshielded,638990,1.0436824780372749,0,654,0,0.0
141,unshielded,645390,1.2372845987097472,0,654,0,0.0
142,unshielded,651673,0.9067528691401894,0,654,0,0.0
143,unshielded,658073,0.94399576678646,0,654,0,0.0
144,unshielded,664473,0.8882347751648385,0,654,0,0.0
145,unshielded,670873,0.747176389943246,0,654,0,0.0
146,unshielded,677273,0.7240539078918748,0,654,0,0.0
147,unshielded,683673,0.7615330056139664,0,654,0,0.0
148,unshielded,690073,0.6629291146636457,0,654,0,0.0
149,unshielded,696473,0.7641987351823001,0,654,0,0.0
